[
    {
        "name": "Muhammad Sohail",
        "githubUsername": "sohail0992",
        "site": "https://sohail0992.github.io"
    },
    {
        "name": "Bushra Mustafa",
        "githubUsername": "bushramustafa",
        "site": ""
    },
    {
        "name": "Hareera Mushtaq",
        "githubUsername": "hareera1107",
        "site": ""
    },
    {
        "name": "Wajeeha Shafiq",
        "githubUsername": "wajeehashafiq",
        "site": ""
    },
    {
        "name": "Nimra Ayaz",
        "githubUsername": "nimraayaz01",
        "site": ""
    },
    {
        "name": "Arooba Siddiqui",
        "githubUsername": "asiddiqui29",
        "site": ""
    }

]
